{
  "0": [
    -0.9682302481584902,
    -0.006508684058046951
  ],
  "1": [
    -0.9682303039836238,
    -0.006507816314095303
  ],
  "2": [
    -0.9682299978262354,
    -0.006507435521897163
  ],
  "3": [
    -0.9682293947763353,
    -0.006507350144557993
  ],
  "4": [
    -0.9682284755239885,
    -0.006507471674093742
  ]
}