{
  "average_sparsity": 0.9702716256666238,
  "description": "Brownian motion with unit variance increments",
  "phase_modulus": {
    "0": -0.9682302481584902,
    "1": -0.9682303039836238,
    "2": -0.9682299978262354,
    "3": -0.9682293947763353,
    "4": -0.9682284755239885
  },
  "phase_modulus_imag": {
    "0": -0.006508684058046951,
    "1": -0.006507816314095303,
    "2": -0.006507435521897163,
    "3": -0.006507350144557993,
    "4": -0.006507471674093742
  },
  "process": "brownian_motion",
  "scattering": {
    "0": {
      "1": {
        "abs": 1.881741,
        "angle": 0.0,
        "imag": 0.0,
        "real": 1.881741
      },
      "2": {
        "abs": 1.906452,
        "angle": 0.0,
        "imag": 0.0,
        "real": 1.906452
      },
      "3": {
        "abs": 1.920887,
        "angle": -0.0,
        "imag": -0.0,
        "real": 1.920887
      },
      "4": {
        "abs": 1.929207,
        "angle": 0.0,
        "imag": 0.0,
        "real": 1.929207
      },
      "5": {
        "abs": 1.934005,
        "angle": -0.0,
        "imag": -0.0,
        "real": 1.934005
      }
    },
    "1": {
      "1": {
        "abs": 1.889805,
        "angle": -0.0,
        "imag": -1e-06,
        "real": 1.889805
      },
      "2": {
        "abs": 1.910868,
        "angle": -0.0,
        "imag": -1e-06,
        "real": 1.910868
      },
      "3": {
        "abs": 1.923177,
        "angle": -0.0,
        "imag": -1e-06,
        "real": 1.923177
      },
      "4": {
        "abs": 1.930324,
        "angle": -1e-06,
        "imag": -1e-06,
        "real": 1.930324
      },
      "5": {
        "abs": 1.934495,
        "angle": -1e-06,
        "imag": -1e-06,
        "real": 1.934495
      }
    },
    "2": {
      "1": {
        "abs": 1.891404,
        "angle": -1e-06,
        "imag": -1e-06,
        "real": 1.891404
      },
      "2": {
        "abs": 1.911285,
        "angle": -1e-06,
        "imag": -1e-06,
        "real": 1.911285
      },
      "3": {
        "abs": 1.923011,
        "angle": -1e-06,
        "imag": -2e-06,
        "real": 1.923011
      },
      "4": {
        "abs": 1.929908,
        "angle": -1e-06,
        "imag": -2e-06,
        "real": 1.929908
      },
      "5": {
        "abs": 1.933999,
        "angle": -1e-06,
        "imag": -2e-06,
        "real": 1.933999
      }
    },
    "3": {
      "1": {
        "abs": 1.888197,
        "angle": -1e-06,
        "imag": -1e-06,
        "real": 1.888197
      },
      "2": {
        "abs": 1.908599,
        "angle": -1e-06,
        "imag": -2e-06,
        "real": 1.908599
      },
      "3": {
        "abs": 1.920802,
        "angle": -1e-06,
        "imag": -2e-06,
        "real": 1.920802
      },
      "4": {
        "abs": 1.928101,
        "angle": -2e-06,
        "imag": -3e-06,
        "real": 1.928101
      },
      "5": {
        "abs": 1.932516,
        "angle": -2e-06,
        "imag": -4e-06,
        "real": 1.932516
      }
    }
  },
  "sigma2_intercept": 14.040739313439174,
  "sigma2_slope": 0.03626037427836971,
  "sparsity2_intercept": -0.08710102342246019,
  "sparsity2_slope": 4.440135521361918e-06
}