{
  "0": {
    "1": {
      "abs": 1.881741,
      "angle": 0.0,
      "imag": 0.0,
      "real": 1.881741
    },
    "2": {
      "abs": 1.906452,
      "angle": 0.0,
      "imag": 0.0,
      "real": 1.906452
    },
    "3": {
      "abs": 1.920887,
      "angle": -0.0,
      "imag": -0.0,
      "real": 1.920887
    },
    "4": {
      "abs": 1.929207,
      "angle": 0.0,
      "imag": 0.0,
      "real": 1.929207
    },
    "5": {
      "abs": 1.934005,
      "angle": -0.0,
      "imag": -0.0,
      "real": 1.934005
    }
  },
  "1": {
    "1": {
      "abs": 1.889805,
      "angle": -0.0,
      "imag": -1e-06,
      "real": 1.889805
    },
    "2": {
      "abs": 1.910868,
      "angle": -0.0,
      "imag": -1e-06,
      "real": 1.910868
    },
    "3": {
      "abs": 1.923177,
      "angle": -0.0,
      "imag": -1e-06,
      "real": 1.923177
    },
    "4": {
      "abs": 1.930324,
      "angle": -1e-06,
      "imag": -1e-06,
      "real": 1.930324
    },
    "5": {
      "abs": 1.934495,
      "angle": -1e-06,
      "imag": -1e-06,
      "real": 1.934495
    }
  },
  "2": {
    "1": {
      "abs": 1.891404,
      "angle": -1e-06,
      "imag": -1e-06,
      "real": 1.891404
    },
    "2": {
      "abs": 1.911285,
      "angle": -1e-06,
      "imag": -1e-06,
      "real": 1.911285
    },
    "3": {
      "abs": 1.923011,
      "angle": -1e-06,
      "imag": -2e-06,
      "real": 1.923011
    },
    "4": {
      "abs": 1.929908,
      "angle": -1e-06,
      "imag": -2e-06,
      "real": 1.929908
    },
    "5": {
      "abs": 1.933999,
      "angle": -1e-06,
      "imag": -2e-06,
      "real": 1.933999
    }
  },
  "3": {
    "1": {
      "abs": 1.888197,
      "angle": -1e-06,
      "imag": -1e-06,
      "real": 1.888197
    },
    "2": {
      "abs": 1.908599,
      "angle": -1e-06,
      "imag": -2e-06,
      "real": 1.908599
    },
    "3": {
      "abs": 1.920802,
      "angle": -1e-06,
      "imag": -2e-06,
      "real": 1.920802
    },
    "4": {
      "abs": 1.928101,
      "angle": -2e-06,
      "imag": -3e-06,
      "real": 1.928101
    },
    "5": {
      "abs": 1.932516,
      "angle": -2e-06,
      "imag": -4e-06,
      "real": 1.932516
    }
  }
}