{
  "0": {
    "1": {
      "abs": 1.896245,
      "angle": -0.0,
      "imag": -0.0,
      "real": 1.896245
    },
    "2": {
      "abs": 1.921147,
      "angle": -0.0,
      "imag": -0.0,
      "real": 1.921147
    },
    "3": {
      "abs": 1.935695,
      "angle": -0.0,
      "imag": -0.0,
      "real": 1.935695
    },
    "4": {
      "abs": 1.94408,
      "angle": -0.0,
      "imag": -0.0,
      "real": 1.94408
    },
    "5": {
      "abs": 1.948916,
      "angle": 0.0,
      "imag": 0.0,
      "real": 1.948916
    }
  },
  "1": {
    "1": {
      "abs": 1.904372,
      "angle": -0.0,
      "imag": -1e-06,
      "real": 1.904372
    },
    "2": {
      "abs": 1.925598,
      "angle": -0.0,
      "imag": -1e-06,
      "real": 1.925598
    },
    "3": {
      "abs": 1.938002,
      "angle": -0.0,
      "imag": -1e-06,
      "real": 1.938002
    },
    "4": {
      "abs": 1.945205,
      "angle": -1e-06,
      "imag": -1e-06,
      "real": 1.945205
    },
    "5": {
      "abs": 1.949409,
      "angle": -1e-06,
      "imag": -1e-06,
      "real": 1.949409
    }
  },
  "2": {
    "1": {
      "abs": 1.905983,
      "angle": -1e-06,
      "imag": -1e-06,
      "real": 1.905983
    },
    "2": {
      "abs": 1.926018,
      "angle": -1e-06,
      "imag": -1e-06,
      "real": 1.926018
    },
    "3": {
      "abs": 1.937835,
      "angle": -1e-06,
      "imag": -1e-06,
      "real": 1.937835
    },
    "4": {
      "abs": 1.944786,
      "angle": -1e-06,
      "imag": -2e-06,
      "real": 1.944786
    },
    "5": {
      "abs": 1.94891,
      "angle": -1e-06,
      "imag": -2e-06,
      "real": 1.94891
    }
  },
  "3": {
    "1": {
      "abs": 1.902751,
      "angle": -1e-06,
      "imag": -1e-06,
      "real": 1.902751
    },
    "2": {
      "abs": 1.923311,
      "angle": -1e-06,
      "imag": -2e-06,
      "real": 1.923311
    },
    "3": {
      "abs": 1.935609,
      "angle": -1e-06,
      "imag": -2e-06,
      "real": 1.935609
    },
    "4": {
      "abs": 1.942966,
      "angle": -1e-06,
      "imag": -3e-06,
      "real": 1.942966
    },
    "5": {
      "abs": 1.947416,
      "angle": -2e-06,
      "imag": -4e-06,
      "real": 1.947416
    }
  }
}