{
  "average_sparsity": 0.97795338423879,
  "description": "Multifractal random walk",
  "phase_modulus": {
    "0": 0.9749886974413684,
    "1": 0.9749888977248853,
    "2": 0.9749887901575433,
    "3": 0.9749884503287737,
    "4": 0.9749878839398805
  },
  "phase_modulus_imag": {
    "0": 0.008672228980663494,
    "1": 0.00867139072649441,
    "2": 0.008671023325976622,
    "3": 0.008670941708785102,
    "4": 0.008671060426745652
  },
  "process": "mrw",
  "scattering": {
    "0": {
      "1": {
        "abs": 1.896245,
        "angle": -0.0,
        "imag": -0.0,
        "real": 1.896245
      },
      "2": {
        "abs": 1.921147,
        "angle": -0.0,
        "imag": -0.0,
        "real": 1.921147
      },
      "3": {
        "abs": 1.935695,
        "angle": -0.0,
        "imag": -0.0,
        "real": 1.935695
      },
      "4": {
        "abs": 1.94408,
        "angle": -0.0,
        "imag": -0.0,
        "real": 1.94408
      },
      "5": {
        "abs": 1.948916,
        "angle": 0.0,
        "imag": 0.0,
        "real": 1.948916
      }
    },
    "1": {
      "1": {
        "abs": 1.904372,
        "angle": -0.0,
        "imag": -1e-06,
        "real": 1.904372
      },
      "2": {
        "abs": 1.925598,
        "angle": -0.0,
        "imag": -1e-06,
        "real": 1.925598
      },
      "3": {
        "abs": 1.938002,
        "angle": -0.0,
        "imag": -1e-06,
        "real": 1.938002
      },
      "4": {
        "abs": 1.945205,
        "angle": -1e-06,
        "imag": -1e-06,
        "real": 1.945205
      },
      "5": {
        "abs": 1.949409,
        "angle": -1e-06,
        "imag": -1e-06,
        "real": 1.949409
      }
    },
    "2": {
      "1": {
        "abs": 1.905983,
        "angle": -1e-06,
        "imag": -1e-06,
        "real": 1.905983
      },
      "2": {
        "abs": 1.926018,
        "angle": -1e-06,
        "imag": -1e-06,
        "real": 1.926018
      },
      "3": {
        "abs": 1.937835,
        "angle": -1e-06,
        "imag": -1e-06,
        "real": 1.937835
      },
      "4": {
        "abs": 1.944786,
        "angle": -1e-06,
        "imag": -2e-06,
        "real": 1.944786
      },
      "5": {
        "abs": 1.94891,
        "angle": -1e-06,
        "imag": -2e-06,
        "real": 1.94891
      }
    },
    "3": {
      "1": {
        "abs": 1.902751,
        "angle": -1e-06,
        "imag": -1e-06,
        "real": 1.902751
      },
      "2": {
        "abs": 1.923311,
        "angle": -1e-06,
        "imag": -2e-06,
        "real": 1.923311
      },
      "3": {
        "abs": 1.935609,
        "angle": -1e-06,
        "imag": -2e-06,
        "real": 1.935609
      },
      "4": {
        "abs": 1.942966,
        "angle": -1e-06,
        "imag": -3e-06,
        "real": 1.942966
      },
      "5": {
        "abs": 1.947416,
        "angle": -2e-06,
        "imag": -4e-06,
        "real": 1.947416
      }
    }
  },
  "sigma2_intercept": 16.72217341470202,
  "sigma2_slope": 0.03626387786914808,
  "sparsity2_intercept": -0.06433907417639782,
  "sparsity2_slope": 2.8562285718175785e-06
}