{
  "0": [
    0.9749886974413684,
    0.008672228980663494
  ],
  "1": [
    0.9749888977248853,
    0.00867139072649441
  ],
  "2": [
    0.9749887901575433,
    0.008671023325976622
  ],
  "3": [
    0.9749884503287737,
    0.008670941708785102
  ],
  "4": [
    0.9749878839398805,
    0.008671060426745652
  ]
}