{
  "0": [
    0.9676806608693473,
    0.008115686399442419
  ],
  "1": [
    0.9676807260823332,
    0.008114909416096772
  ],
  "2": [
    0.9676804792085807,
    0.00811456815290855
  ],
  "3": [
    0.9676799789132514,
    0.008114491204218255
  ],
  "4": [
    0.9676792110467455,
    0.008114599318029016
  ]
}