{
  "0": {
    "1": {
      "abs": 1.884841,
      "angle": 0.0,
      "imag": 0.0,
      "real": 1.884841
    },
    "2": {
      "abs": 1.909592,
      "angle": -0.0,
      "imag": -0.0,
      "real": 1.909592
    },
    "3": {
      "abs": 1.924052,
      "angle": 0.0,
      "imag": 0.0,
      "real": 1.924052
    },
    "4": {
      "abs": 1.932386,
      "angle": -0.0,
      "imag": -0.0,
      "real": 1.932386
    },
    "5": {
      "abs": 1.937192,
      "angle": -0.0,
      "imag": -0.0,
      "real": 1.937192
    }
  },
  "1": {
    "1": {
      "abs": 1.892918,
      "angle": -0.0,
      "imag": -1e-06,
      "real": 1.892918
    },
    "2": {
      "abs": 1.914016,
      "angle": -0.0,
      "imag": -1e-06,
      "real": 1.914016
    },
    "3": {
      "abs": 1.926345,
      "angle": -0.0,
      "imag": -1e-06,
      "real": 1.926345
    },
    "4": {
      "abs": 1.933505,
      "angle": -0.0,
      "imag": -1e-06,
      "real": 1.933505
    },
    "5": {
      "abs": 1.937683,
      "angle": -1e-06,
      "imag": -1e-06,
      "real": 1.937683
    }
  },
  "2": {
    "1": {
      "abs": 1.894519,
      "angle": -0.0,
      "imag": -1e-06,
      "real": 1.894519
    },
    "2": {
      "abs": 1.914434,
      "angle": -1e-06,
      "imag": -1e-06,
      "real": 1.914434
    },
    "3": {
      "abs": 1.926179,
      "angle": -1e-06,
      "imag": -1e-06,
      "real": 1.926179
    },
    "4": {
      "abs": 1.933088,
      "angle": -1e-06,
      "imag": -2e-06,
      "real": 1.933088
    },
    "5": {
      "abs": 1.937186,
      "angle": -1e-06,
      "imag": -2e-06,
      "real": 1.937186
    }
  },
  "3": {
    "1": {
      "abs": 1.891307,
      "angle": -1e-06,
      "imag": -1e-06,
      "real": 1.891307
    },
    "2": {
      "abs": 1.911743,
      "angle": -1e-06,
      "imag": -2e-06,
      "real": 1.911743
    },
    "3": {
      "abs": 1.923967,
      "angle": -1e-06,
      "imag": -2e-06,
      "real": 1.923967
    },
    "4": {
      "abs": 1.931278,
      "angle": -1e-06,
      "imag": -3e-06,
      "real": 1.931278
    },
    "5": {
      "abs": 1.935701,
      "angle": -2e-06,
      "imag": -3e-06,
      "real": 1.935701
    }
  }
}