{
  "0": [
    -0.9307823323137379,
    0.0030520091824746713
  ],
  "1": [
    -0.9307810276008502,
    0.003052069320341692
  ],
  "2": [
    -0.9307792837720186,
    0.003052091670377206
  ],
  "3": [
    -0.9307769994126294,
    0.0030520901806431943
  ],
  "4": [
    -0.9307739524117494,
    0.003052070677712881
  ]
}