{
  "average_sparsity": 0.9374771378144136,
  "description": "Signed Poisson process with intensity=0.5",
  "phase_modulus": {
    "0": -0.9307823323137379,
    "1": -0.9307810276008502,
    "2": -0.9307792837720186,
    "3": -0.9307769994126294,
    "4": -0.9307739524117494
  },
  "phase_modulus_imag": {
    "0": 0.0030520091824746713,
    "1": 0.003052069320341692,
    "2": 0.003052091670377206,
    "3": 0.0030520901806431943,
    "4": 0.003052070677712881
  },
  "process": "signed_poisson",
  "scattering": {
    "0": {
      "1": {
        "abs": 1.821109,
        "angle": 0.0,
        "imag": 0.0,
        "real": 1.821109
      },
      "2": {
        "abs": 1.845018,
        "angle": -0.0,
        "imag": -0.0,
        "real": 1.845018
      },
      "3": {
        "abs": 1.858984,
        "angle": 0.0,
        "imag": 0.0,
        "real": 1.858984
      },
      "4": {
        "abs": 1.867033,
        "angle": 0.0,
        "imag": 0.0,
        "real": 1.867033
      },
      "5": {
        "abs": 1.871672,
        "angle": -0.0,
        "imag": -0.0,
        "real": 1.871672
      }
    },
    "1": {
      "1": {
        "abs": 1.828914,
        "angle": -0.0,
        "imag": -0.0,
        "real": 1.828914
      },
      "2": {
        "abs": 1.849293,
        "angle": -0.0,
        "imag": -0.0,
        "real": 1.849293
      },
      "3": {
        "abs": 1.861201,
        "angle": -0.0,
        "imag": -0.0,
        "real": 1.861201
      },
      "4": {
        "abs": 1.868115,
        "angle": -0.0,
        "imag": -0.0,
        "real": 1.868115
      },
      "5": {
        "abs": 1.872147,
        "angle": -0.0,
        "imag": -0.0,
        "real": 1.872147
      }
    },
    "2": {
      "1": {
        "abs": 1.830461,
        "angle": -0.0,
        "imag": -0.0,
        "real": 1.830461
      },
      "2": {
        "abs": 1.849697,
        "angle": -0.0,
        "imag": -0.0,
        "real": 1.849697
      },
      "3": {
        "abs": 1.861041,
        "angle": -0.0,
        "imag": -0.0,
        "real": 1.861041
      },
      "4": {
        "abs": 1.867712,
        "angle": -0.0,
        "imag": -0.0,
        "real": 1.867712
      },
      "5": {
        "abs": 1.871666,
        "angle": -0.0,
        "imag": -0.0,
        "real": 1.871666
      }
    },
    "3": {
      "1": {
        "abs": 1.827357,
        "angle": -0.0,
        "imag": -0.0,
        "real": 1.827357
      },
      "2": {
        "abs": 1.847097,
        "angle": -0.0,
        "imag": -0.0,
        "real": 1.847097
      },
      "3": {
        "abs": 1.858902,
        "angle": -0.0,
        "imag": -0.0,
        "real": 1.858902
      },
      "4": {
        "abs": 1.865961,
        "angle": -0.0,
        "imag": -0.0,
        "real": 1.865961
      },
      "5": {
        "abs": 1.870227,
        "angle": -0.0,
        "imag": -0.0,
        "real": 1.870227
      }
    }
  },
  "sigma2_intercept": 9.86194149914465,
  "sigma2_slope": 0.03623767465880377,
  "sparsity2_intercept": -0.1863445154222613,
  "sparsity2_slope": 1.1068298728662234e-05
}