{
  "0": [
    0.9740783393947723,
    0.009235880096386238
  ],
  "1": [
    0.9740785749916436,
    0.009234993585111043
  ],
  "2": [
    0.9740784896872008,
    0.009234605092761132
  ],
  "3": [
    0.9740781657540213,
    0.00923451888451241
  ],
  "4": [
    0.9740776130183001,
    0.009234644590410035
  ]
}