{
  "0": {
    "1": {
      "abs": 1.894857,
      "angle": 0.0,
      "imag": 0.0,
      "real": 1.894857
    },
    "2": {
      "abs": 1.919741,
      "angle": 0.0,
      "imag": 0.0,
      "real": 1.919741
    },
    "3": {
      "abs": 1.934277,
      "angle": -0.0,
      "imag": -0.0,
      "real": 1.934277
    },
    "4": {
      "abs": 1.942657,
      "angle": 0.0,
      "imag": 0.0,
      "real": 1.942657
    },
    "5": {
      "abs": 1.947489,
      "angle": 0.0,
      "imag": 0.0,
      "real": 1.947489
    }
  },
  "1": {
    "1": {
      "abs": 1.902977,
      "angle": -0.0,
      "imag": -1e-06,
      "real": 1.902977
    },
    "2": {
      "abs": 1.924188,
      "angle": -0.0,
      "imag": -1e-06,
      "real": 1.924188
    },
    "3": {
      "abs": 1.936583,
      "angle": -0.0,
      "imag": -1e-06,
      "real": 1.936583
    },
    "4": {
      "abs": 1.943781,
      "angle": -1e-06,
      "imag": -1e-06,
      "real": 1.943781
    },
    "5": {
      "abs": 1.947982,
      "angle": -1e-06,
      "imag": -1e-06,
      "real": 1.947982
    }
  },
  "2": {
    "1": {
      "abs": 1.904587,
      "angle": -1e-06,
      "imag": -1e-06,
      "real": 1.904587
    },
    "2": {
      "abs": 1.924608,
      "angle": -1e-06,
      "imag": -1e-06,
      "real": 1.924608
    },
    "3": {
      "abs": 1.936416,
      "angle": -1e-06,
      "imag": -2e-06,
      "real": 1.936416
    },
    "4": {
      "abs": 1.943362,
      "angle": -1e-06,
      "imag": -2e-06,
      "real": 1.943362
    },
    "5": {
      "abs": 1.947483,
      "angle": -1e-06,
      "imag": -2e-06,
      "real": 1.947483
    }
  },
  "3": {
    "1": {
      "abs": 1.901358,
      "angle": -1e-06,
      "imag": -1e-06,
      "real": 1.901358
    },
    "2": {
      "abs": 1.921903,
      "angle": -1e-06,
      "imag": -2e-06,
      "real": 1.921903
    },
    "3": {
      "abs": 1.934192,
      "angle": -1e-06,
      "imag": -2e-06,
      "real": 1.934192
    },
    "4": {
      "abs": 1.941543,
      "angle": -1e-06,
      "imag": -3e-06,
      "real": 1.941543
    },
    "5": {
      "abs": 1.94599,
      "angle": -2e-06,
      "imag": -4e-06,
      "real": 1.94599
    }
  }
}